ID,URL,Title,Image,check,consultation_text,expert_advice_text,text
1,https://allabout.co.jp/gm/gc/499764/,51歳公務員、貯金1320万円。働き続ける自信がなく退職を考えています,https://imgcp.aacdn.jp/img-a/800/auto/aa/gm/article/4/9/9/6/1/9/202409191918/800__20240920zu3.jpg,,"■相談者
ミヤゾさん
女性／公務員／51歳
関西／持ち家（マンション）

■家族構成
1人暮らし

■相談内容
昨年から、持病と更年期で寝込むことが時々あり、療養休暇を取りながら働いていますが、現状で働き続ける自信がなく退職を考えています。いくらか貯蓄はありますが、今後のライフプランについてアドバイスいただければと思います。体調が良くなれば、資格を活かして再就職やパートで働くこともできるとは思いますが、治療にどれぐらいの期間がかかるか不明です。10年ほど前に中古マンションを購入、住宅ローンが500万円ほど残っています。雑費の一部を繰り上げ返済に充てています。

■家計収支データ

相談者「ミヤゾ」さんの家計収支データ

■家計収支データ補足
（1）ボーナスの使い道
貯蓄40万円、住宅ローン返済14万円、住宅ローン繰り上げ返済50万円、家電、旅行などのための積立6万円、雑費10万円。

（2）家計収支について
黒字分は、毎月の支出が雑費や交際費で変動するので、基本的には支出しています。

（3）住居費について
・購入年／2012年
・購入価格／2300万円
・ローン借入額／1600万円
・借入金利／1.7％
・返済期間／30年（繰り上げ返済したため10年短縮され、残り8年）
・ローン残債／500万円
※返済は毎月返済とボーナス返済
※管理費などが月2万円、固定資産税を月1万円積立しています。どちらも口座引落しです。
※繰り上げ返済は、月2万円を基本として毎月と、ボーナスごとに返済しています

（4）加入保険について
・がん保険（終身タイプ）＝毎月の保険料4000円
・共済（死亡保障600万円、入院日額3000円）＝毎月の保険料7000円

（5）退職金、働き方について
退職金は詳しくは分かりませんが、2000万円弱ではないかと思います。治療期間は不明ですが、もう少し体調が良くなれば、治療しながら働くことは可能かと思います。

（6）公的年金について
見込額は195万円です。他に、個人年金とiDeCo（毎月1万2000円）に加入していますが、詳細は分かりません。個人年金は職場のもので給料天引きされています。","■FP深野康彦の3つのアドバイス
アドバイス1　退職したら住宅ローンを完済し、生活コストを抑える
アドバイス2　3年後仕事に復帰できたら、年100万円の収入を
アドバイス3　65歳以降は公的年金のみで生活が可能
アドバイス1　退職したら住宅ローンを完済し、生活コストを抑える
体の不調が続くようであれば、すぐに仕事を辞めて、しばらくは静養されたほうがいいでしょう。ただ、その前に、勤務先に確認していただきたいのは、傷病手当金を受給できるかということです。療養休暇を取りながら仕事をされているとのことですが、いったん休養されるとしてもすぐに退職するのではなく、勤務先に在籍しながら、治療を続けられるはずです。適用されれば通算で最長1年6カ月は傷病手当金の受給が可能になります。復職のめどが立たないようであれば、いったん退職し、3年程度、ゆっくりされてみてはいかがでしょう。

もし、すぐに退職するとなると、現在の金融資産1320万円と退職金を1200万円と仮定すれば合計2520万円が全資産となります。ここから住宅ローンの残り500万円は一括繰り上げ返済し、生活コストをコンパクトにされることをおすすめします。一括繰り上げ返済後の金融資産は2020万円、約2000万円です。

ここから毎月の生活費が出ていくことになりますが、住宅ローンがなくなれば住居費は管理費などの3万円のみとなります。雑費から繰り上げ返済していた分もなくなります。雑費はもともと6万円とやや支出割合が高いので、月2万円程度に収めます。毎月の支出は合計8万5000円削減できますので、約13万円まで下げられるでしょう。

年間での支出は、生活費13万円×12カ月で156万円。これに退職後は国民年金加入となり年金保険料の支払いが発生します。年間約20万円が加わり、年間支出は176万円となります。3年間で528万円です。
アドバイス2　3年後仕事に復帰できたら、年100万円の収入を
3年間の生活費を差し引くと、54歳時点の金融資産は1472万円です。もし体調が整い、年間100万円（毎月8万円ほど）の収入を得られれば、年間の不足額は76万円となります。60歳になるまで、この状態が続くとしたら、456万円を貯蓄でカバーすることになります。

60歳になると国民年金の支払いがなくなりますので、年間の支出は156万円となり収入が100万円あれば、不足額は56万円。65歳までの5年間で280万円を貯蓄から取り崩します。456万円＋280万円で736万円。これを1472万円から差し引くと、736万円が残り、65歳を迎えることになります。

3年間休養した後からは収入100万円を得られると仮定して話を進めていますが、実際には、ご自身の体調次第ということになり、65歳時点でいくら金融資産を残せるかは、現段階では分かりません。しかしながら、「体調が良くなれば、資格を活かして再就職やパートで働く」と書かれていましたので、前向きにアドバイスをしました。年100万円以上の収入が得られれば、貯蓄からの取り崩しを抑えることができますので、精神的にもラクになるのではないでしょうか。

まずは、体調を整えることを優先してください。
アドバイス3　65歳以降は公的年金のみで生活が可能
65歳からは、公的年金の受給が始まります。現在の見込み額より減額になるとは思いますが、生活コストが毎月13万円であれば、公的年金だけで生活をまかなうことは可能でしょう。

詳細は不明ですが、個人年金、iDeCoも加入されていますので、65歳以降受取り開始となれば、その分は貯蓄に回すこともできるでしょう。金額にもよりますが、70歳までに400万～500万円程度、貯蓄に上乗せできるのではないでしょうか。65歳時点での金融資産の残りが不確定ですが、70歳時点では1100万～1200万円程度を残せていると思われます。

最後に、いつくかアドバイスを。1つは個人年金です。職場で加入されているようなので、退職時の扱いがどうなるか確認してください。退職後も保険料を払い続けることは難しいと思いますので、払い済みにして、契約は残せるか、退職時に一時金で支払われるのか聞いてみてください。もう1つは、共済です。これもおそらく職場で加入されていると思われますので、退職時に解約となるかもしれません。持病の関係で新たな保険加入が難しいかもしれませんが、県民共済など比較的、条件が緩和されているものもありますので、検討してみるといいでしょう。併せて、割り切れるならがん保険は不要で、共済のみであれば月2000円ほどで済みます。

iDeCoに関しては、仕事を再開するまでは休止して、再開後に余裕があれば積み立てを復活させてもいいでしょう。

余裕のあるマネープランとは言えないかもしれませんが、体調が戻って収入を得られれば問題ありません。しばらくは静養なさってください。
相談者「ミヤゾ」さんから寄せられた感想
体調がすぐれない現状で漠然と不安に思っていたところ、マネープランについて貯蓄や生活費など具体的な数字で示していただき、仕事を辞めたとしてもなんとかなりそうだと安心することができました。病状次第ですが、お医者様や職場と相談して、今後の方針を決めたいと思います。ご丁寧なアドバイスを本当にありがとうございました。

※マネープランクリニックに相談したい方はコチラのリンクからご応募ください。(相談はすべて無料になります)
","■相談者
ミヤゾさん
女性／公務員／51歳
関西／持ち家（マンション）

■家族構成
1人暮らし

■相談内容
昨年から、持病と更年期で寝込むことが時々あり、療養休暇を取りながら働いていますが、現状で働き続ける自信がなく退職を考えています。いくらか貯蓄はありますが、今後のライフプランについてアドバイスいただければと思います。体調が良くなれば、資格を活かして再就職やパートで働くこともできるとは思いますが、治療にどれぐらいの期間がかかるか不明です。10年ほど前に中古マンションを購入、住宅ローンが500万円ほど残っています。雑費の一部を繰り上げ返済に充てています。

■家計収支データ

相談者「ミヤゾ」さんの家計収支データ

■家計収支データ補足
（1）ボーナスの使い道
貯蓄40万円、住宅ローン返済14万円、住宅ローン繰り上げ返済50万円、家電、旅行などのための積立6万円、雑費10万円。

（2）家計収支について
黒字分は、毎月の支出が雑費や交際費で変動するので、基本的には支出しています。

（3）住居費について
・購入年／2012年
・購入価格／2300万円
・ローン借入額／1600万円
・借入金利／1.7％
・返済期間／30年（繰り上げ返済したため10年短縮され、残り8年）
・ローン残債／500万円
※返済は毎月返済とボーナス返済
※管理費などが月2万円、固定資産税を月1万円積立しています。どちらも口座引落しです。
※繰り上げ返済は、月2万円を基本として毎月と、ボーナスごとに返済しています

（4）加入保険について
・がん保険（終身タイプ）＝毎月の保険料4000円
・共済（死亡保障600万円、入院日額3000円）＝毎月の保険料7000円

（5）退職金、働き方について
退職金は詳しくは分かりませんが、2000万円弱ではないかと思います。治療期間は不明ですが、もう少し体調が良くなれば、治療しながら働くことは可能かと思います。

（6）公的年金について
見込額は195万円です。他に、個人年金とiDeCo（毎月1万2000円）に加入していますが、詳細は分かりません。個人年金は職場のもので給料天引きされています。

■FP深野康彦の3つのアドバイス
アドバイス1　退職したら住宅ローンを完済し、生活コストを抑える
アドバイス2　3年後仕事に復帰できたら、年100万円の収入を
アドバイス3　65歳以降は公的年金のみで生活が可能
アドバイス1　退職したら住宅ローンを完済し、生活コストを抑える
体の不調が続くようであれば、すぐに仕事を辞めて、しばらくは静養されたほうがいいでしょう。ただ、その前に、勤務先に確認していただきたいのは、傷病手当金を受給できるかということです。療養休暇を取りながら仕事をされているとのことですが、いったん休養されるとしてもすぐに退職するのではなく、勤務先に在籍しながら、治療を続けられるはずです。適用されれば通算で最長1年6カ月は傷病手当金の受給が可能になります。復職のめどが立たないようであれば、いったん退職し、3年程度、ゆっくりされてみてはいかがでしょう。

もし、すぐに退職するとなると、現在の金融資産1320万円と退職金を1200万円と仮定すれば合計2520万円が全資産となります。ここから住宅ローンの残り500万円は一括繰り上げ返済し、生活コストをコンパクトにされることをおすすめします。一括繰り上げ返済後の金融資産は2020万円、約2000万円です。

ここから毎月の生活費が出ていくことになりますが、住宅ローンがなくなれば住居費は管理費などの3万円のみとなります。雑費から繰り上げ返済していた分もなくなります。雑費はもともと6万円とやや支出割合が高いので、月2万円程度に収めます。毎月の支出は合計8万5000円削減できますので、約13万円まで下げられるでしょう。

年間での支出は、生活費13万円×12カ月で156万円。これに退職後は国民年金加入となり年金保険料の支払いが発生します。年間約20万円が加わり、年間支出は176万円となります。3年間で528万円です。
アドバイス2　3年後仕事に復帰できたら、年100万円の収入を
3年間の生活費を差し引くと、54歳時点の金融資産は1472万円です。もし体調が整い、年間100万円（毎月8万円ほど）の収入を得られれば、年間の不足額は76万円となります。60歳になるまで、この状態が続くとしたら、456万円を貯蓄でカバーすることになります。

60歳になると国民年金の支払いがなくなりますので、年間の支出は156万円となり収入が100万円あれば、不足額は56万円。65歳までの5年間で280万円を貯蓄から取り崩します。456万円＋280万円で736万円。これを1472万円から差し引くと、736万円が残り、65歳を迎えることになります。

3年間休養した後からは収入100万円を得られると仮定して話を進めていますが、実際には、ご自身の体調次第ということになり、65歳時点でいくら金融資産を残せるかは、現段階では分かりません。しかしながら、「体調が良くなれば、資格を活かして再就職やパートで働く」と書かれていましたので、前向きにアドバイスをしました。年100万円以上の収入が得られれば、貯蓄からの取り崩しを抑えることができますので、精神的にもラクになるのではないでしょうか。

まずは、体調を整えることを優先してください。
アドバイス3　65歳以降は公的年金のみで生活が可能
65歳からは、公的年金の受給が始まります。現在の見込み額より減額になるとは思いますが、生活コストが毎月13万円であれば、公的年金だけで生活をまかなうことは可能でしょう。

詳細は不明ですが、個人年金、iDeCoも加入されていますので、65歳以降受取り開始となれば、その分は貯蓄に回すこともできるでしょう。金額にもよりますが、70歳までに400万～500万円程度、貯蓄に上乗せできるのではないでしょうか。65歳時点での金融資産の残りが不確定ですが、70歳時点では1100万～1200万円程度を残せていると思われます。

最後に、いつくかアドバイスを。1つは個人年金です。職場で加入されているようなので、退職時の扱いがどうなるか確認してください。退職後も保険料を払い続けることは難しいと思いますので、払い済みにして、契約は残せるか、退職時に一時金で支払われるのか聞いてみてください。もう1つは、共済です。これもおそらく職場で加入されていると思われますので、退職時に解約となるかもしれません。持病の関係で新たな保険加入が難しいかもしれませんが、県民共済など比較的、条件が緩和されているものもありますので、検討してみるといいでしょう。併せて、割り切れるならがん保険は不要で、共済のみであれば月2000円ほどで済みます。

iDeCoに関しては、仕事を再開するまでは休止して、再開後に余裕があれば積み立てを復活させてもいいでしょう。

余裕のあるマネープランとは言えないかもしれませんが、体調が戻って収入を得られれば問題ありません。しばらくは静養なさってください。
相談者「ミヤゾ」さんから寄せられた感想
体調がすぐれない現状で漠然と不安に思っていたところ、マネープランについて貯蓄や生活費など具体的な数字で示していただき、仕事を辞めたとしてもなんとかなりそうだと安心することができました。病状次第ですが、お医者様や職場と相談して、今後の方針を決めたいと思います。ご丁寧なアドバイスを本当にありがとうございました。

※マネープランクリニックに相談したい方はコチラのリンクからご応募ください。(相談はすべて無料になります)
"
2,https://allabout.co.jp/gm/gc/499765/,28歳会社員、貯金1000万円。5000万円の住宅を購入しましたが家計に無駄はありますか？,https://imgcp.aacdn.jp/img-a/800/auto/aa/gm/article/4/9/9/6/2/0/202410032015/800__20241003.jpg,,"■相談者
ぴーなっつさん
女性／会社員／28歳
関東／借家

■家族構成
夫（会社員／32歳）、第1子（2歳）、第2子出産予定

■相談内容
5000万円の住宅を購入しました。もうすぐ第2子が産まれる予定のため教育資金や老後資金が心配です。家計の無駄がありましたら、ぜひご指摘いただき、家計の改善に努めたいです。アドバイスをよろしくお願いします。

■家計収支データ

相談者「ぴーなっつ」さんの家計収支データ

■家計収支データ補足
（1）ボーナスの使い道
車検10万円、自動車関連費5万円、旅行15万円、お小遣い10万円、NHK受信料年1万2000円、家電20万円。残りは貯蓄です。

（2）貯蓄について
給与から毎月5万円、ボーナス月は10万円（年2回）引き落として、定期預金に積み立てている。NISAの積立3万3000円で合計8万3000円を毎月貯金しています。

（3）収入について
第2子を出産してから1年半後の職場復帰を目指しています。産休中の収入は毎月8、9万円程度だと思われます。

（4）家計収支について
毎月の収支の残りは、普通預金に貯まっています。結婚してからまだ3年ほどであることと、年収が200万円ほど上がったのがここ数年のため、年収に対して貯蓄額は割と少ないかと思います。

（5）新築住居について
・入居時期／来年
・購入価格／5000万円（土地800万円、建物4200万円）
・ローン借入額／4800万円
・頭金／200万円
・諸費用／120万円（ローン事務手数料、登記費用など）
・返済期間／35年
・毎月返済額／12万4600円
※返済は毎月返済のみ
※固定資産税は10万円ほどになりそうとのことです。火災保険は見積もり中ですが、地震津波保険も付けたいので1年で10万円ほどになりそうです。支払いは年払いの予定ですが未定です。

（6）自動車について
所有台数は1台のみで今のところ買い足すつもりはありません。車両費用の1万2000円はガソリン代とETC代でローンはありません。現在の車は3年目で、2～3年後に現金一括で買える範囲で新車を購入したいと思っています（下取り＋現金で300万円ほど）。

（7）加入保険について
夫／
・ドル建て養老保険（60歳まで払込、死亡保障9万ドル）＝毎月の保険料4万5000円ほど。
・共済（病気死亡1800万円）＝毎月の保険料1700円
・生命保険（病気死亡1250万円、入院5000円）＝毎月の保険料1700円
・生命保険（病気死亡300万円～、入院3000円）＝毎月の保険料1000円

相談者／
・共済（病気死亡300万円）＝毎月の保険料300円

ドル建て保険は独身時代に言われるがまま入ったそうで、どれか保険は解約しようと思っております。

（8）趣味娯楽費について
レジャー費です。実家に帰省したり、土日に遠出したりする際に使用する金額です。

（9）教育費、子どもの進路について
毎月5万8000円の教育費は、すべて保育園代です。子どもは2人とも高校まで公立、大学は私立理系院まで奨学金なしで通わせたいです。

（10）働き方について
夫の定年は65歳です。65歳以降は嘱託職員としても働けるようです。私の定年は60歳です。60歳以降はパートやアルバイトとして働こうと思います。またそもそもですが、産休明けの育児のための時短勤務は下の子が小学校1年生までしか取れないので、正社員が難しければ、今の会社を辞めてパートなどで働き、下の子どもが中学生になったタイミングで正社員として就職できるよう努力したいと思っています。

夫の退職金は、詳細は不明ですが恐らく2000万円程度かと思います。私の退職金は100万円程度で見積もっていただけると助かります。","■FP深野康彦の3つのアドバイス
アドバイス1　出産後、職場復帰するまでの2年間は収支トントンで
アドバイス2　教育費は問題なし。子ども2人の教育費は大学院まで入れて3000万円は必要
アドバイス3　60歳時点の貯蓄次第で住宅ローンを完済
アドバイス1　出産後、職場復帰するまでの2年間は収支トントンで
まずは、無事に出産されることを願っています。出産・育児、そして新居に入居と、大きなイベントが続きますので、どうぞ、お体にご留意ください。

家計支出が変わってくるかもしれませんが、現時点でいただいたデータをもとに、今後のマネープランを考えていきます。

住居費については、現在から7万円のプラスになるのは確定です。産休中は収入が3万円程度減るとすると、都合10万円をどうするか、ということになります。ただ、現時点で6万円ほどの使途不明金がありますし、2年間は貯蓄できない時期と割り切れば、収支で赤字が出なければOKでしょう。

職場に復帰して時短勤務になるかもしれませんが、現在の収入に戻るとすると、支出は住居費のアップ分7万円が加わり約46万円ですから、残り6万円が貯蓄に回せる金額ということになります。年間で72万円、ボーナスから140万円貯蓄できれば、年間で212万円です。まずは、ここまでのことを抑えておいてください。

勤務先からの住宅手当、児童手当もありますが、試算には加味していません。それらもしっかりと貯蓄できれば、家計管理としては問題ありません。
アドバイス2　教育費は問題なし。子ども2人の教育費は大学院まで入れて3000万円は必要
年間212万円の貯蓄で、ご主人が60歳になるまでの26年間（2年間は貯蓄できないとして、34歳から60歳までの期間）で5512万円になります。これに現在の金融資産1000万円を加えて6512万円。ご主人が60歳までに貯められるお金は6512万円ということです。

この間に、子ども2人の教育費がかかってきます。2人で3000万円を見込んでおくようにしてください。具体的には、小学校190万円、中学校150万円、高校（公立）150万円、大学（私立理系）550万円、大学院（私立理系）250万円、合計1290万円となります。これはあくまでも平均値ですので、進学先によって大学、大学院費用がかさむことも考えられます。また、塾代など学校外費も考慮すると、子ども1人当たり1500万円、2人で3000万円は必要になるでしょう。

60歳時点の金融資産6512万円から3000万円を差し引くと残りは3512万円です。さらに車の買い換えがありますので、その予算も差し引きます。次回の買い換えは300万円の予算ですが、あと3回ぐらいは買い換えが必要になります。1回250万円に予算を落として、3回で750万円。合計で1050万円が車の買い換え費用となります。

これも差し引くと、結果として2400万円ほどが残るということになります。
アドバイス3　60歳時点の貯蓄次第で住宅ローンを完済
ここまでの計算は60歳までに貯められるお金から、今後の教育費、車の買い換え費用をまとめて差し引いています。実際には、その都度その都度、貯蓄から出ていきますが、最終的に60歳時点で残るお金を分かりやすく計算しています。

そのため、毎月の家計で計上している教育費5万8000円は、貯蓄分に加味することができます。22年間で1531万円になりますので、60歳時点では4000万円ほどになっている、ということです。このとき住宅ローンは恐らく800万円程度が残っていますので、一括繰り上げ返済して、完済することができるしょう。3200万円が手元に残るわけです。そう考えると、子どもの教育費が、あと1000万円多くなっても、対応することも可能です。

さらに、ご主人の定年退職は65歳ですから、収入が減ったとしても、住宅ローンがなくなれば、その分は貯蓄に回すこともできますし、65歳定年退職の年には、2000万円の退職金もあります。老後資金としては、心配されることはないでしょう。

ただし、保険については、現時点で加入しているものを一度確認しておく必要があります。子どもが2人になっても、現在の生命保険・共済で保障は確保できています。ドル建て保険の保険料が高めですが、家計負担にならなければ払い続けてもいいでしょう。もし負担に感じたら、払い済みなどの手続きをしましょう。それでも保障は十分あります。ドル建て以外の共済、生命保険はそのままでOKです。相談者の共済に関しては死亡保障のみで医療保障がないようですが、保障内容を確認し、日額5000円程度の保障を付けるようにしてください。

これから2年間は思うように貯蓄ができないかもしれませんが、その後は、順調に貯蓄できれば問題はありません。しかし、まだまだ先は長く、今スタート地点に立ったばかりです。安心することなく、確実に教育費を貯めていくことが大事です。住宅ローンの返済も気になるかもしれませんが、繰り上げ返済は少なくとも住宅ローン控除期間が終わってから考えればいいでしょう。

どうぞ、夫婦2人で協力して、子育て、頑張ってくださいね。
相談者「ぴーなっつ」さんから寄せられた感想
このたびは私の疑問に率直にお答えいただき、ありがとうございました。何人かのFPさんにも家計診断をしていただきましたが、不安が拭えず家計は本当に大丈夫なのかと心配をしておりました。しかしながらいつも拝読している深野先生より安心できるアドバイスをいただけたことで安心いたしました。これからもし迷うことがあっても、先生にいただいたアドバイスを読み返しながら家計管理に努めたいと思います。このたびは貴重なアドバイスをいただきありがとうございました。

※マネープランクリニックに相談したい方はコチラのリンクからご応募ください。(相談はすべて無料になります)
","■相談者
ぴーなっつさん
女性／会社員／28歳
関東／借家

■家族構成
夫（会社員／32歳）、第1子（2歳）、第2子出産予定

■相談内容
5000万円の住宅を購入しました。もうすぐ第2子が産まれる予定のため教育資金や老後資金が心配です。家計の無駄がありましたら、ぜひご指摘いただき、家計の改善に努めたいです。アドバイスをよろしくお願いします。

■家計収支データ

相談者「ぴーなっつ」さんの家計収支データ

■家計収支データ補足
（1）ボーナスの使い道
車検10万円、自動車関連費5万円、旅行15万円、お小遣い10万円、NHK受信料年1万2000円、家電20万円。残りは貯蓄です。

（2）貯蓄について
給与から毎月5万円、ボーナス月は10万円（年2回）引き落として、定期預金に積み立てている。NISAの積立3万3000円で合計8万3000円を毎月貯金しています。

（3）収入について
第2子を出産してから1年半後の職場復帰を目指しています。産休中の収入は毎月8、9万円程度だと思われます。

（4）家計収支について
毎月の収支の残りは、普通預金に貯まっています。結婚してからまだ3年ほどであることと、年収が200万円ほど上がったのがここ数年のため、年収に対して貯蓄額は割と少ないかと思います。

（5）新築住居について
・入居時期／来年
・購入価格／5000万円（土地800万円、建物4200万円）
・ローン借入額／4800万円
・頭金／200万円
・諸費用／120万円（ローン事務手数料、登記費用など）
・返済期間／35年
・毎月返済額／12万4600円
※返済は毎月返済のみ
※固定資産税は10万円ほどになりそうとのことです。火災保険は見積もり中ですが、地震津波保険も付けたいので1年で10万円ほどになりそうです。支払いは年払いの予定ですが未定です。

（6）自動車について
所有台数は1台のみで今のところ買い足すつもりはありません。車両費用の1万2000円はガソリン代とETC代でローンはありません。現在の車は3年目で、2～3年後に現金一括で買える範囲で新車を購入したいと思っています（下取り＋現金で300万円ほど）。

（7）加入保険について
夫／
・ドル建て養老保険（60歳まで払込、死亡保障9万ドル）＝毎月の保険料4万5000円ほど。
・共済（病気死亡1800万円）＝毎月の保険料1700円
・生命保険（病気死亡1250万円、入院5000円）＝毎月の保険料1700円
・生命保険（病気死亡300万円～、入院3000円）＝毎月の保険料1000円

相談者／
・共済（病気死亡300万円）＝毎月の保険料300円

ドル建て保険は独身時代に言われるがまま入ったそうで、どれか保険は解約しようと思っております。

（8）趣味娯楽費について
レジャー費です。実家に帰省したり、土日に遠出したりする際に使用する金額です。

（9）教育費、子どもの進路について
毎月5万8000円の教育費は、すべて保育園代です。子どもは2人とも高校まで公立、大学は私立理系院まで奨学金なしで通わせたいです。

（10）働き方について
夫の定年は65歳です。65歳以降は嘱託職員としても働けるようです。私の定年は60歳です。60歳以降はパートやアルバイトとして働こうと思います。またそもそもですが、産休明けの育児のための時短勤務は下の子が小学校1年生までしか取れないので、正社員が難しければ、今の会社を辞めてパートなどで働き、下の子どもが中学生になったタイミングで正社員として就職できるよう努力したいと思っています。

夫の退職金は、詳細は不明ですが恐らく2000万円程度かと思います。私の退職金は100万円程度で見積もっていただけると助かります。

■FP深野康彦の3つのアドバイス
アドバイス1　出産後、職場復帰するまでの2年間は収支トントンで
アドバイス2　教育費は問題なし。子ども2人の教育費は大学院まで入れて3000万円は必要
アドバイス3　60歳時点の貯蓄次第で住宅ローンを完済
アドバイス1　出産後、職場復帰するまでの2年間は収支トントンで
まずは、無事に出産されることを願っています。出産・育児、そして新居に入居と、大きなイベントが続きますので、どうぞ、お体にご留意ください。

家計支出が変わってくるかもしれませんが、現時点でいただいたデータをもとに、今後のマネープランを考えていきます。

住居費については、現在から7万円のプラスになるのは確定です。産休中は収入が3万円程度減るとすると、都合10万円をどうするか、ということになります。ただ、現時点で6万円ほどの使途不明金がありますし、2年間は貯蓄できない時期と割り切れば、収支で赤字が出なければOKでしょう。

職場に復帰して時短勤務になるかもしれませんが、現在の収入に戻るとすると、支出は住居費のアップ分7万円が加わり約46万円ですから、残り6万円が貯蓄に回せる金額ということになります。年間で72万円、ボーナスから140万円貯蓄できれば、年間で212万円です。まずは、ここまでのことを抑えておいてください。

勤務先からの住宅手当、児童手当もありますが、試算には加味していません。それらもしっかりと貯蓄できれば、家計管理としては問題ありません。
アドバイス2　教育費は問題なし。子ども2人の教育費は大学院まで入れて3000万円は必要
年間212万円の貯蓄で、ご主人が60歳になるまでの26年間（2年間は貯蓄できないとして、34歳から60歳までの期間）で5512万円になります。これに現在の金融資産1000万円を加えて6512万円。ご主人が60歳までに貯められるお金は6512万円ということです。

この間に、子ども2人の教育費がかかってきます。2人で3000万円を見込んでおくようにしてください。具体的には、小学校190万円、中学校150万円、高校（公立）150万円、大学（私立理系）550万円、大学院（私立理系）250万円、合計1290万円となります。これはあくまでも平均値ですので、進学先によって大学、大学院費用がかさむことも考えられます。また、塾代など学校外費も考慮すると、子ども1人当たり1500万円、2人で3000万円は必要になるでしょう。

60歳時点の金融資産6512万円から3000万円を差し引くと残りは3512万円です。さらに車の買い換えがありますので、その予算も差し引きます。次回の買い換えは300万円の予算ですが、あと3回ぐらいは買い換えが必要になります。1回250万円に予算を落として、3回で750万円。合計で1050万円が車の買い換え費用となります。

これも差し引くと、結果として2400万円ほどが残るということになります。
アドバイス3　60歳時点の貯蓄次第で住宅ローンを完済
ここまでの計算は60歳までに貯められるお金から、今後の教育費、車の買い換え費用をまとめて差し引いています。実際には、その都度その都度、貯蓄から出ていきますが、最終的に60歳時点で残るお金を分かりやすく計算しています。

そのため、毎月の家計で計上している教育費5万8000円は、貯蓄分に加味することができます。22年間で1531万円になりますので、60歳時点では4000万円ほどになっている、ということです。このとき住宅ローンは恐らく800万円程度が残っていますので、一括繰り上げ返済して、完済することができるしょう。3200万円が手元に残るわけです。そう考えると、子どもの教育費が、あと1000万円多くなっても、対応することも可能です。

さらに、ご主人の定年退職は65歳ですから、収入が減ったとしても、住宅ローンがなくなれば、その分は貯蓄に回すこともできますし、65歳定年退職の年には、2000万円の退職金もあります。老後資金としては、心配されることはないでしょう。

ただし、保険については、現時点で加入しているものを一度確認しておく必要があります。子どもが2人になっても、現在の生命保険・共済で保障は確保できています。ドル建て保険の保険料が高めですが、家計負担にならなければ払い続けてもいいでしょう。もし負担に感じたら、払い済みなどの手続きをしましょう。それでも保障は十分あります。ドル建て以外の共済、生命保険はそのままでOKです。相談者の共済に関しては死亡保障のみで医療保障がないようですが、保障内容を確認し、日額5000円程度の保障を付けるようにしてください。

これから2年間は思うように貯蓄ができないかもしれませんが、その後は、順調に貯蓄できれば問題はありません。しかし、まだまだ先は長く、今スタート地点に立ったばかりです。安心することなく、確実に教育費を貯めていくことが大事です。住宅ローンの返済も気になるかもしれませんが、繰り上げ返済は少なくとも住宅ローン控除期間が終わってから考えればいいでしょう。

どうぞ、夫婦2人で協力して、子育て、頑張ってくださいね。
相談者「ぴーなっつ」さんから寄せられた感想
このたびは私の疑問に率直にお答えいただき、ありがとうございました。何人かのFPさんにも家計診断をしていただきましたが、不安が拭えず家計は本当に大丈夫なのかと心配をしておりました。しかしながらいつも拝読している深野先生より安心できるアドバイスをいただけたことで安心いたしました。これからもし迷うことがあっても、先生にいただいたアドバイスを読み返しながら家計管理に努めたいと思います。このたびは貴重なアドバイスをいただきありがとうございました。

※マネープランクリニックに相談したい方はコチラのリンクからご応募ください。(相談はすべて無料になります)
"
3,https://allabout.co.jp/gm/gc/505659/,41歳正社員、仕事のプレッシャーが重く、55歳でセミリタイアしたい。教育費は足りる？,https://imgcp.aacdn.jp/img-a/800/auto/aa/gm/article/5/0/5/5/0/2/202409191922/800__20240920zu5.jpg,,"■相談者
こやぎさん（仮名）
女性／会社員／41歳
埼玉県／持家・一戸建て

■家族構成
夫（会社員／44歳）、長男（小学1年／7歳）、次男（保育園年中／5歳）

■相談内容
55歳くらいで夫婦ともにセミリタイアしたいが、可能か？を知りたく、応募しました。仕事のプレッシャーで体調が優れず、早めにセミリタイアしたいです。

早期退職した場合、退職金として夫に2000万円、妻300万円が支払われる想定。セミリタイア後、夫婦合わせて年収300万円程度のパートやアルバイトで働きたいと考えています。

○相談したい点は特に以下のことです。
1）妻55歳時点で夫婦ともにセミリタイアは可能か？
2）現状の家計でセミリタイアが難しい場合、どの程度、支出を抑えればよいか？

どうぞよろしくお願いいたします。

■家計収支データ

相談者「こやぎ」さんの家計収支データ

■家計収支データ補足
（1）ボーナスの使いみち（年間）
20万円はNISAの成長投資枠で投資信託をスポット買い、海外旅行に毎年150万円、固定資産税／20万円、自動車保険／8万円、ペット保険／8万円、不動産投資の物件の管理費＋固定資産税の不足分40万円、火災保険1万円、固定資産税10万円など。残り（50万～60万円）は小遣い、買い物などに使っている。

（2）月間収支について
これから児童手当がもらえる予定。毎月の家計の収支の差額は外食やデリバリーなどに使っている。休日は出掛けることが好きなため、支出データ以上に増えることがある。

（3）不動産投資について
不動産投資を行っており自宅のほかに2軒、不動産を所有。不動産投資は生命保険代わりに始めてみたが、友人に「持ち出しが発生するような不動産投資は良くない」とアドバイスされている。当初、10年で損益分岐点を超えてプラスになると想定していたが、今は損失が出ないタイミングで2件とも売却を考えている。

（4）不動産ローンの各内訳
［自宅一戸建て］
・2023年に購入
・5000万円借入、35年返済
・変動金利／0.389％
・現在のローン残高／4800万円

以下、2物件のローン返済は現在、賃貸収入で相殺されているためデータ収支への記載は省いている。ただし、実際は年間40万円ほどの赤字となり、ボーナスで補填（ほてん）している。

［都内・マンション］
・物件価格2900万円（ワンルーム）
・2023年に購入、35年返済
・変動金利／1.55％
・現在のローン残高／3035万円（手数料200万円込みの借入）
・毎月の返済／9万5700円

［地方・マンション］
・物件価格1270万円（ワンルーム）
・2023年購入、35年返済
・変動金利／1.55％
・現在のローン残高1300万円（手数料80万円込みの借入）
・毎月の返済／4万1700円

（5）保険の保障内容
・夫／団体生命保険（死亡2000万円）＝毎月の保険料7000円
・相談者／団体生命保険（死亡400万円）＝毎月の保険料0円（保険料は会社負担）
・長男／学資（10歳保険料払込終了、18歳満期、満期金200万円）＝毎月の保険料1万5000円

（6）クルマについて
車両費の内訳は自動車ローン3万円（完済まであと4年）、ガソリン代1万円。現在のクルマは2024年購入。今後10年ごとの買い替えで、買い替え費用は300万円。今後、あと2回の買い替えを想定。

（7）子どもの進路
進路について明確には決めてはいない。ただ漠然と、2人の子どもとも中学校から私立希望、大学はアメリカ留学も視野に入れているとのこと。

（8）公的年金の受給額
あくまで昨年届いた「ねんきん定期便」記載の金額
［夫］
・年金加入年月合計／207カ月
老齢基礎年金／34万2000円
老齢基礎年金と厚生年金の合計／101万9000円

［相談者］
・年金加入年月合計／254カ月
老齢基礎年金／35万円
老齢基礎年金と厚生年金の合計／77万4000円

（9）老後の生活費について
相談者コメント「あまり想像できていませんが、旅行のほかにお金がかかる趣味としては、夫のスポーツ観戦（野球と格闘技）くらいかなと思います。私は育児がひと段落したら、家庭菜園や庭いじり、水彩画をしたいです（今は細々とプランター菜園くらいをやっています）。ただ外食やお酒を飲むのも好きなので、生活費は40万円くらい見込んでおくといいでしょうか……いくらで抑えればいいか、知りたいです」","■FP深野康彦の3つのアドバイス
アドバイス1　教育費が大きくかかっても老後資金は残る
アドバイス2　投資用のマンションは早期に売却
アドバイス3　現状の貯蓄ペースを大幅に改善
アドバイス1　教育費が大きくかかっても老後資金は残る
まずは最初のご相談、セミリタイアの可能性について考えてみます。

ご夫婦そろってのセミリタイアを希望する時期は、相談者のこやぎさん55歳のとき、14年後です。いただいたデータと、想定されるライフプランに即して、その間をまずは試算してみます。ただし、前提として、リタイアまでの収入額や基本生活費、ボーナスの使いみちは変わらないとします。

収支では毎月20万円をNISA口座から投資し、iDeCoで5000円積み立てています。確定拠出年金はご夫婦合計で月5万7000円が、企業から拠出されています。これに、ボーナスから20万円の投資を加えると、金融資産は年間で334万円増（投資商品は元本で試算）となります。

また、2024年10月から児童手当制度が一部改正され、こやぎさんのケースでは、高校卒業まで毎月1万円×2人分＝約300万円が支給されます。

早期退職の退職金は、夫婦合計で2300万円。これらを合わせ、今ある金融資産と合算すると、14年後には約9300万円となります。

ここから、セミリタイアまでの間に発生するまとまった支出を差し引きます。

まずは教育費です。14年後ですとまだ下のお子さんが高校3年生ですが、便宜上、2人のお子さんの大学卒業までの教育費をここから差し引きます。

進路については多くが不確定ですが、ご希望も含め、もっともコストが高いと思われるコースとして2人とも中学、高校ともに私立、大学は米国に4年間留学とします。

あくまで平均値ですが、中学、高校が私立の場合、学校外教育費も含めて、それぞれ300万円程度。米国留学は、大学や学部で違いもありますが、現在の円安も考慮すると、私立で学費は年間600万～700万円が平均でしょうか。これに生活費として年間150万～300万円。優秀な学生には奨学金を用意する大学もありますが、それを考慮しなければ、4年制なら卒業まで少なくとも3000万円は見ておきたいところ。

さらに、高校を卒業して即留学となれば、学力はもとより、語学力が欠かせません。そのためには別途、語学スクールに行く必要があるかもしれません。渡航費用、生活準備の費用も発生しまし、現地での病気やケガ、盗難に備える海外留学保険もあった方が安心という人もいるでしょう。

そう考えれば、中学入学から大学卒業まで、ざっと4000万円×2名で8000万円はかかる可能性があります。ただし、先の試算で2人分の教育費として月9万円を14年間計上していますので、先の試算と重複している計8年分＝864万円を差し引きます。加えて、学資保険の満期金が200万円ありますから、6936万円が実際の上乗せ額となります。

あとはクルマの買い替え費用があります。想定では、買い替えはあと2回。予算は1回300万円とのことですから、一部前倒しとなりますが、先の教育費と合算した、7536万円が必要となります。ただし、現在の自動車ローンが4年後に完済しますので、10年分のローンコストは360万円を貯蓄に回すとします。

55歳までに準備できる金融資産＝老後資金は、約2100万円となります。
アドバイス2　投資用のマンションは早期に売却
さて、もう一つ。資産として現在、投資用にマンションを2部屋所有されています。ただ、賃貸収入はあっても、維持コストが上回り、結果持ち出しとして発生している。そのため、損失が出ないタイミングで5年以内に売却を考えているとのことです。

本来、今後14年間のどこかで売却されれば、これも試算に反映すべきですが、ここではしていません。結果的に売却により、どの程度利益、あるいは損失が出るか不確定だからです。

年間収支では、売却以降、住宅コストの50万円がなくなります。しかし、売却によりマイナス（売却額が、売却コスト、ローンの残債、これまでの持ち分の合計を下回る）が発生し、かつそれが少額でなければ、別途、その分を計上しなくてはいけません。また、その可能性が少なからずあると考えます。

理由として、手数料も含めて借り入れていることと、返済期間が長期のため、なかなかマンション部分の残債が減らないことが大きい点です。そのため、今後、需要ニーズが高まらないなら、残債以上の金額での売却は難しくなります。

それでも、売却時期は早いほど望ましいでしょう。売却時期を先に伸ばすほどリスクが高まると考えるからです。一般に、物件の築年数が高いほど、売却額は下がります。また、途中、修繕などの費用が発生するかもしれません。住宅ローンの変動金利が上昇する可能性もあります。そして、最大のリスクは空室が発生することです。

したがって、現時点で賃貸収入を得ても利益が出ない状況では、早めの売却が望ましいと思います。
アドバイス3　現状の貯蓄ペースを大幅に改善
では、老後資金に話を戻します。試算結果の2100万円は、老後資金として足りるでしょうか。

想定されているセミリタイア後の収入ですが、ご夫婦合算で年収300万円ほど。手取りだと260万円くらいでしょうか。対して、支出は月額40万円ほど。年間480万円となりますが、現在、ボーナスで負担されている支出のうち、税金などの固定支出と希望されている旅行費用分も加算して600万円とします。

その場合、年間340万円を老後資金から取り崩します。すると、60歳以降も継続的に収入を得ても、6年後、61歳のときに老後資金はほぼなくなります。

このケースでは、もっとも有効な解決策はセミリタイアせず定年まで勤務し、できれば65歳までは働くことです。つまり、セミリタイアはあきらめるということです。

しかし、それを無理と感じ、せっかくご相談されたわけですから、別の対策が必要となります。これが2番目のご相談のアドバイスになるかと思いますが、例えば、以下のような対策です。

（1）老後の生活費を下げる
セミリタイアから10年間、収入だけで生活します。年間260万円。これなら、老後資金をほぼ残したまま、年金受給となります。ただし、多くても月21万円以内で生活する必要があります。住宅ローンと固定資産税、クルマの維持費で月17万～18万円にはなるため、どう考えても無理があります。

（2）教育費を下げる
仮に、留学せず4年制の国内の大学に進学した場合、学費は400万～550万円（医・歯学部除く）。お子さん1人当たり2500万円が、先の教育資金の試算から差し引かれますから、2人ともなら、55歳のとき、老後資金として7800万円が準備できます。

また、日本の大学に在籍して、1年間程度、米国の大学留学しそこで日本で必要な単位を取得するというパターンもあります。その場合、卒業までの大学費用は1000万～1500万円程度に抑えられるでしょう。

ただし、資金のためにこやぎさん、もしくは本人が希望する進路を断念するといったことは、おそらく避けたいでしょう。

そうなると、今の支出を抑えつつ、セミリタイア後の支出も想定より抑えることが、現実的といえます。

幸い、所得は多いのですから、おそらく貯蓄ベースを大幅に上げることは可能です。現在、ボーナス300万円のうち、貯蓄は20万円。それを10倍の200万円にします。これで2500万円ほど、老後資金が増えます。ただし、毎年150万円の海外旅行は無理となります。貯蓄を確保するため、予算を縮小するか、不足分を毎月の新たな支出削減により捻出してください。

次に、こやぎさんの55歳以降の生活費を、現在ボーナスで負担している支出も含め年間400万円、月33万円にします。かつ、10年間、収入を継続すれば、65歳の時点で老後資金は3500万円残ります。

公的年金は具体的には計算できませんが、「ねんきん定期便」の記録から推測して、夫婦合計で年間250万～300万円（額面）。同時に完全にリタイアされて、年金生活となったとします。75歳になるまで10年間、同様に生活費が年間400万円であれば、1900万円前後が残ります。75歳以降、住宅ローンが完済となりますので、その分生活費が下がり、それ以外、同様の生活であれば年金だけで生活費がカバーできます。つまり、1900万円がそのまま予備費（病気・介護費用、住宅修繕・リフォーム費用など）になります。

また、現状の支出を抑えつつ、今後、具体的に進路が決まっていきます。それにより、教育費が想定より下がることは十分考えられます。

その場合、老後の生活費を上げることもできますし、まとまった資金が残るようなら、セミリタイア時に自宅の住宅ローンを繰上げ返済することも可能です。その時点で完済すれば、それ以降の生活費がかなりラクになるでしょう。

まだ不確定要素が多くあります。今後、資金で迷われたら、またご相談してください。
相談者「こやぎ」さんから寄せられた感想
不動産の売却やボーナスからの貯蓄額アップなど、やるべきことが明確になったので良かったです。旅行については、毎日を生きるための希望のような存在（苦笑）なので、毎月の生活費を頑張って抑えて、旅行貯金を始めようとかなと思いました。

深野先生のコラムが大好きで、今回勇気を出して相談してみて、本当に良かったです。ありがとうございました。また悩んだときには相談させていただきたいと思います。

※マネープランクリニックに相談したい方はコチラのリンクからご応募ください。(相談はすべて無料になります)
","■相談者
こやぎさん（仮名）
女性／会社員／41歳
埼玉県／持家・一戸建て

■家族構成
夫（会社員／44歳）、長男（小学1年／7歳）、次男（保育園年中／5歳）

■相談内容
55歳くらいで夫婦ともにセミリタイアしたいが、可能か？を知りたく、応募しました。仕事のプレッシャーで体調が優れず、早めにセミリタイアしたいです。

早期退職した場合、退職金として夫に2000万円、妻300万円が支払われる想定。セミリタイア後、夫婦合わせて年収300万円程度のパートやアルバイトで働きたいと考えています。

○相談したい点は特に以下のことです。
1）妻55歳時点で夫婦ともにセミリタイアは可能か？
2）現状の家計でセミリタイアが難しい場合、どの程度、支出を抑えればよいか？

どうぞよろしくお願いいたします。

■家計収支データ

相談者「こやぎ」さんの家計収支データ

■家計収支データ補足
（1）ボーナスの使いみち（年間）
20万円はNISAの成長投資枠で投資信託をスポット買い、海外旅行に毎年150万円、固定資産税／20万円、自動車保険／8万円、ペット保険／8万円、不動産投資の物件の管理費＋固定資産税の不足分40万円、火災保険1万円、固定資産税10万円など。残り（50万～60万円）は小遣い、買い物などに使っている。

（2）月間収支について
これから児童手当がもらえる予定。毎月の家計の収支の差額は外食やデリバリーなどに使っている。休日は出掛けることが好きなため、支出データ以上に増えることがある。

（3）不動産投資について
不動産投資を行っており自宅のほかに2軒、不動産を所有。不動産投資は生命保険代わりに始めてみたが、友人に「持ち出しが発生するような不動産投資は良くない」とアドバイスされている。当初、10年で損益分岐点を超えてプラスになると想定していたが、今は損失が出ないタイミングで2件とも売却を考えている。

（4）不動産ローンの各内訳
［自宅一戸建て］
・2023年に購入
・5000万円借入、35年返済
・変動金利／0.389％
・現在のローン残高／4800万円

以下、2物件のローン返済は現在、賃貸収入で相殺されているためデータ収支への記載は省いている。ただし、実際は年間40万円ほどの赤字となり、ボーナスで補填（ほてん）している。

［都内・マンション］
・物件価格2900万円（ワンルーム）
・2023年に購入、35年返済
・変動金利／1.55％
・現在のローン残高／3035万円（手数料200万円込みの借入）
・毎月の返済／9万5700円

［地方・マンション］
・物件価格1270万円（ワンルーム）
・2023年購入、35年返済
・変動金利／1.55％
・現在のローン残高1300万円（手数料80万円込みの借入）
・毎月の返済／4万1700円

（5）保険の保障内容
・夫／団体生命保険（死亡2000万円）＝毎月の保険料7000円
・相談者／団体生命保険（死亡400万円）＝毎月の保険料0円（保険料は会社負担）
・長男／学資（10歳保険料払込終了、18歳満期、満期金200万円）＝毎月の保険料1万5000円

（6）クルマについて
車両費の内訳は自動車ローン3万円（完済まであと4年）、ガソリン代1万円。現在のクルマは2024年購入。今後10年ごとの買い替えで、買い替え費用は300万円。今後、あと2回の買い替えを想定。

（7）子どもの進路
進路について明確には決めてはいない。ただ漠然と、2人の子どもとも中学校から私立希望、大学はアメリカ留学も視野に入れているとのこと。

（8）公的年金の受給額
あくまで昨年届いた「ねんきん定期便」記載の金額
［夫］
・年金加入年月合計／207カ月
老齢基礎年金／34万2000円
老齢基礎年金と厚生年金の合計／101万9000円

［相談者］
・年金加入年月合計／254カ月
老齢基礎年金／35万円
老齢基礎年金と厚生年金の合計／77万4000円

（9）老後の生活費について
相談者コメント「あまり想像できていませんが、旅行のほかにお金がかかる趣味としては、夫のスポーツ観戦（野球と格闘技）くらいかなと思います。私は育児がひと段落したら、家庭菜園や庭いじり、水彩画をしたいです（今は細々とプランター菜園くらいをやっています）。ただ外食やお酒を飲むのも好きなので、生活費は40万円くらい見込んでおくといいでしょうか……いくらで抑えればいいか、知りたいです」

■FP深野康彦の3つのアドバイス
アドバイス1　教育費が大きくかかっても老後資金は残る
アドバイス2　投資用のマンションは早期に売却
アドバイス3　現状の貯蓄ペースを大幅に改善
アドバイス1　教育費が大きくかかっても老後資金は残る
まずは最初のご相談、セミリタイアの可能性について考えてみます。

ご夫婦そろってのセミリタイアを希望する時期は、相談者のこやぎさん55歳のとき、14年後です。いただいたデータと、想定されるライフプランに即して、その間をまずは試算してみます。ただし、前提として、リタイアまでの収入額や基本生活費、ボーナスの使いみちは変わらないとします。

収支では毎月20万円をNISA口座から投資し、iDeCoで5000円積み立てています。確定拠出年金はご夫婦合計で月5万7000円が、企業から拠出されています。これに、ボーナスから20万円の投資を加えると、金融資産は年間で334万円増（投資商品は元本で試算）となります。

また、2024年10月から児童手当制度が一部改正され、こやぎさんのケースでは、高校卒業まで毎月1万円×2人分＝約300万円が支給されます。

早期退職の退職金は、夫婦合計で2300万円。これらを合わせ、今ある金融資産と合算すると、14年後には約9300万円となります。

ここから、セミリタイアまでの間に発生するまとまった支出を差し引きます。

まずは教育費です。14年後ですとまだ下のお子さんが高校3年生ですが、便宜上、2人のお子さんの大学卒業までの教育費をここから差し引きます。

進路については多くが不確定ですが、ご希望も含め、もっともコストが高いと思われるコースとして2人とも中学、高校ともに私立、大学は米国に4年間留学とします。

あくまで平均値ですが、中学、高校が私立の場合、学校外教育費も含めて、それぞれ300万円程度。米国留学は、大学や学部で違いもありますが、現在の円安も考慮すると、私立で学費は年間600万～700万円が平均でしょうか。これに生活費として年間150万～300万円。優秀な学生には奨学金を用意する大学もありますが、それを考慮しなければ、4年制なら卒業まで少なくとも3000万円は見ておきたいところ。

さらに、高校を卒業して即留学となれば、学力はもとより、語学力が欠かせません。そのためには別途、語学スクールに行く必要があるかもしれません。渡航費用、生活準備の費用も発生しまし、現地での病気やケガ、盗難に備える海外留学保険もあった方が安心という人もいるでしょう。

そう考えれば、中学入学から大学卒業まで、ざっと4000万円×2名で8000万円はかかる可能性があります。ただし、先の試算で2人分の教育費として月9万円を14年間計上していますので、先の試算と重複している計8年分＝864万円を差し引きます。加えて、学資保険の満期金が200万円ありますから、6936万円が実際の上乗せ額となります。

あとはクルマの買い替え費用があります。想定では、買い替えはあと2回。予算は1回300万円とのことですから、一部前倒しとなりますが、先の教育費と合算した、7536万円が必要となります。ただし、現在の自動車ローンが4年後に完済しますので、10年分のローンコストは360万円を貯蓄に回すとします。

55歳までに準備できる金融資産＝老後資金は、約2100万円となります。
アドバイス2　投資用のマンションは早期に売却
さて、もう一つ。資産として現在、投資用にマンションを2部屋所有されています。ただ、賃貸収入はあっても、維持コストが上回り、結果持ち出しとして発生している。そのため、損失が出ないタイミングで5年以内に売却を考えているとのことです。

本来、今後14年間のどこかで売却されれば、これも試算に反映すべきですが、ここではしていません。結果的に売却により、どの程度利益、あるいは損失が出るか不確定だからです。

年間収支では、売却以降、住宅コストの50万円がなくなります。しかし、売却によりマイナス（売却額が、売却コスト、ローンの残債、これまでの持ち分の合計を下回る）が発生し、かつそれが少額でなければ、別途、その分を計上しなくてはいけません。また、その可能性が少なからずあると考えます。

理由として、手数料も含めて借り入れていることと、返済期間が長期のため、なかなかマンション部分の残債が減らないことが大きい点です。そのため、今後、需要ニーズが高まらないなら、残債以上の金額での売却は難しくなります。

それでも、売却時期は早いほど望ましいでしょう。売却時期を先に伸ばすほどリスクが高まると考えるからです。一般に、物件の築年数が高いほど、売却額は下がります。また、途中、修繕などの費用が発生するかもしれません。住宅ローンの変動金利が上昇する可能性もあります。そして、最大のリスクは空室が発生することです。

したがって、現時点で賃貸収入を得ても利益が出ない状況では、早めの売却が望ましいと思います。
アドバイス3　現状の貯蓄ペースを大幅に改善
では、老後資金に話を戻します。試算結果の2100万円は、老後資金として足りるでしょうか。

想定されているセミリタイア後の収入ですが、ご夫婦合算で年収300万円ほど。手取りだと260万円くらいでしょうか。対して、支出は月額40万円ほど。年間480万円となりますが、現在、ボーナスで負担されている支出のうち、税金などの固定支出と希望されている旅行費用分も加算して600万円とします。

その場合、年間340万円を老後資金から取り崩します。すると、60歳以降も継続的に収入を得ても、6年後、61歳のときに老後資金はほぼなくなります。

このケースでは、もっとも有効な解決策はセミリタイアせず定年まで勤務し、できれば65歳までは働くことです。つまり、セミリタイアはあきらめるということです。

しかし、それを無理と感じ、せっかくご相談されたわけですから、別の対策が必要となります。これが2番目のご相談のアドバイスになるかと思いますが、例えば、以下のような対策です。

（1）老後の生活費を下げる
セミリタイアから10年間、収入だけで生活します。年間260万円。これなら、老後資金をほぼ残したまま、年金受給となります。ただし、多くても月21万円以内で生活する必要があります。住宅ローンと固定資産税、クルマの維持費で月17万～18万円にはなるため、どう考えても無理があります。

（2）教育費を下げる
仮に、留学せず4年制の国内の大学に進学した場合、学費は400万～550万円（医・歯学部除く）。お子さん1人当たり2500万円が、先の教育資金の試算から差し引かれますから、2人ともなら、55歳のとき、老後資金として7800万円が準備できます。

また、日本の大学に在籍して、1年間程度、米国の大学留学しそこで日本で必要な単位を取得するというパターンもあります。その場合、卒業までの大学費用は1000万～1500万円程度に抑えられるでしょう。

ただし、資金のためにこやぎさん、もしくは本人が希望する進路を断念するといったことは、おそらく避けたいでしょう。

そうなると、今の支出を抑えつつ、セミリタイア後の支出も想定より抑えることが、現実的といえます。

幸い、所得は多いのですから、おそらく貯蓄ベースを大幅に上げることは可能です。現在、ボーナス300万円のうち、貯蓄は20万円。それを10倍の200万円にします。これで2500万円ほど、老後資金が増えます。ただし、毎年150万円の海外旅行は無理となります。貯蓄を確保するため、予算を縮小するか、不足分を毎月の新たな支出削減により捻出してください。

次に、こやぎさんの55歳以降の生活費を、現在ボーナスで負担している支出も含め年間400万円、月33万円にします。かつ、10年間、収入を継続すれば、65歳の時点で老後資金は3500万円残ります。

公的年金は具体的には計算できませんが、「ねんきん定期便」の記録から推測して、夫婦合計で年間250万～300万円（額面）。同時に完全にリタイアされて、年金生活となったとします。75歳になるまで10年間、同様に生活費が年間400万円であれば、1900万円前後が残ります。75歳以降、住宅ローンが完済となりますので、その分生活費が下がり、それ以外、同様の生活であれば年金だけで生活費がカバーできます。つまり、1900万円がそのまま予備費（病気・介護費用、住宅修繕・リフォーム費用など）になります。

また、現状の支出を抑えつつ、今後、具体的に進路が決まっていきます。それにより、教育費が想定より下がることは十分考えられます。

その場合、老後の生活費を上げることもできますし、まとまった資金が残るようなら、セミリタイア時に自宅の住宅ローンを繰上げ返済することも可能です。その時点で完済すれば、それ以降の生活費がかなりラクになるでしょう。

まだ不確定要素が多くあります。今後、資金で迷われたら、またご相談してください。
相談者「こやぎ」さんから寄せられた感想
不動産の売却やボーナスからの貯蓄額アップなど、やるべきことが明確になったので良かったです。旅行については、毎日を生きるための希望のような存在（苦笑）なので、毎月の生活費を頑張って抑えて、旅行貯金を始めようとかなと思いました。

深野先生のコラムが大好きで、今回勇気を出して相談してみて、本当に良かったです。ありがとうございました。また悩んだときには相談させていただきたいと思います。

※マネープランクリニックに相談したい方はコチラのリンクからご応募ください。(相談はすべて無料になります)
"
